scope,stage,comparison,metric,n,point_difference,ci_low,ci_high,minus_2sd,plus_2sd
overall,overall,Player-enriched - Team-history,accuracy,128,0.0078125,-0.015625,0.03125,-0.0187001527419648,0.0344970277419648
overall,overall,Player-enriched - Team-history,macro_f1,128,0.0481531603036318,-0.0048995384182689,0.1132471996371667,-0.0157603663918427,0.1099411431335705
stage,group_stage,Player-enriched - Team-history,accuracy,96,-0.0104166666666666,-0.03125,0.0,-0.0318776975718256,0.0104110309051589
stage,group_stage,Player-enriched - Team-history,macro_f1,96,-0.0023428135556282,-0.014177437384696,0.0048980592236894,-0.0119391500850215,0.0071572936553432
stage,knockout_stage,Player-enriched - Team-history,accuracy,32,0.0625,0.0,0.15625,-0.022593141395848,0.147005641395848
stage,knockout_stage,Player-enriched - Team-history,macro_f1,32,0.1975986277873071,0.0,0.391937984496124,-0.0242525324995072,0.3949292758888987
stage,overall,Player-enriched - Team-history,accuracy,128,0.0078125,-0.015625,0.0390625,-0.019393993066385,0.034722118066385
stage,overall,Player-enriched - Team-history,macro_f1,128,0.0481531603036318,-0.0046541186712128,0.1118051806813576,-0.0164341677098105,0.1090598941458915
