model_key,model_name,training_window,main_signals,cv_accuracy_loto_current_not_primary,holdout_accuracy,holdout_accuracy_ci_low,holdout_accuracy_ci_high,holdout_macro_f1,holdout_macro_f1_ci_low,holdout_macro_f1_ci_high
baseline,Baseline,2006-2014,Team-level only,0.6822916666666666,0.65625,0.5703125,0.734375,0.2654028436018957,0.2442244224422442,0.2840059790732436
team_history,Team-history,1998-2014,Team-level only,0.6625,0.6484375,0.5625,0.7265625,0.291866028708134,0.2463054187192118,0.3605414273995078
player_enriched,Player-enriched,2006-2014,Team + player/squad,0.6822916666666666,0.65625,0.5703125,0.734375,0.3400191890117659,0.2608695652173913,0.4338657079993713
